NPId,Name,Phone,Website,GPSLat,GPSLong
mount rainier,Longmire Wilderness Information Center,3605696575,https://www.nps.gov/mora/planyourvisit/longmire.htm,46.75,-121.81
2835,Henry M Jackson Memorial Visitor Center,(360 5696571,https://www.nps.gov/mora/planyourvisit/paradiseconstructioninformation.htm,46.78,-121.73
2835,Ohanapecosh Visitor Center,(360)5696581,https://www.nps.gov/mora/planyourvisit/ohanapecosh.htm,46.73,-121.56
2835,Sunrise Visitor Center,(360) 663-2425,https://www.nps.gov/mora/planyourvisit/sunrise.htm,46.91,-121.64
olympic,Olympic National Park Visitor Center,(360) 565-3130,https://www.nps.gov/olym/planyourvisit/visitorcenters.htm,48.09,-123.42
2881,Hurricane Ridge Visitor Center,(360) 565-3130,https://www.nps.gov/olym/planyourvisit/visiting-hurricane-ridge.htm,47.96,-123.49
olympic,Hoh Rain Forest Visitor Center,(360) 374-6925,https://www.nps.gov/olym/planyourvisit/visiting-the-hoh.htm,47.86,-123.93
2881,Kalaloch Ranger Station,(360) 962-2283,https://www.nps.gov/olym/planyourvisit/exploring-the-coast.htm,47.6,-124.36
2845,North Cascades Visitor Center,(206) 386-4495 ,https://www.nps.gov/noca/planyourvisit/visitorcenters.htm,48.66,-121.26
2845,Golden West Visitor Center,(509) 699-2080,https://www.nps.gov/noca/planyourvisit/visitorcenters.htm,48.308,-120.656
2845,Glacier Public Service Center,(360) 599-2714,https://www.fs.usda.gov/detail/mbs/about-forest/offices/?cid=stelprdb5160278,48.888,-121.938
2845,Chelan Ranger Station,(509) 682-4900,https://www.fs.usda.gov/recarea/okawen/recarea/?recid=57115,47.837,-120.023
2845,Methow Valley Ranger Station,(509) 996-4003,https://www.fs.usda.gov/recarea/okawen/recarea/?recid=59073,48.478,-120.189
2573,Arches National Park Visitor Center,(435) 719-2299,https://www.nps.gov/arch/planyourvisit/hours.htm,38.617,-109.62
2599,Bryce Canyon Visitor Center,(435) 834-5322,https://www.nps.gov/brca/planyourvisit/tourvisitor.htm,37.64,-112.169
2616,Island in the Sky Visitor Center,(435) 259-4712,https://www.nps.gov/cany/planyourvisit/islandinthesky.htm,38.46,-109.821
2616,Needles District Visitor Center,(435) 259-4711,https://www.nps.gov/cany/planyourvisit/needles.htm,38.168,-109.759
2617,Capitol Reef National Park Visitor Center,(435) 425-3791,https://www.nps.gov/care/planyourvisit/hours.htm,38.291,-111.262
2994,Zion Canyon Visitor Center,(435) 772-3256,https://www.nps.gov/zion/learn/nature/zion-canyon-visitor-center.htm,37.2,-112.987
2994,Kolob Canyons Visitor Center,(435) 772-3256,https://www.nps.gov/zion/planyourvisit/kolob-canyons.htm,37.453,-113.225
2994,Human History Museum,(435) 772-0146,https://www.nps.gov/zion/learn/historyculture/zion-human-history-museum.htm,37.209,-112.98
2647,Steel Visitor Center,(541) 594-3000,https://www.nps.gov/crla/planyourvisit/visitorcenters.htm,42.89691,-122.134317
2647,Rim Visitor Center,(541) 594-3000,https://www.nps.gov/crla/planyourvisit/visitorcenters.htm,42.911164,-122.143438
2988,Albright (Mammoth) Visitor Center,(307) 344-2263,https://www.nps.gov/yell/planyourvisit/mammothvc.htm,44.976402,-110.699625
2988,Canyon Visitor Education Center,(307) 344-2550,https://www.nps.gov/yell/planyourvisit/canyonvc.htm,44.734714,-110.491875
2988,Fishing Bridge Visitor Center & Trailside Museum,(307) 344-2450,https://www.nps.gov/yell/planyourvisit/lakevc.htm,44.563064,-110.377801
2988,Old Faithful Visitor Education Center,(307) 344-2751,https://www.nps.gov/yell/planyourvisit/oldfaithfulvec.htm,44.458661,-110.829289
13525,Colter Bay Visitor Center,(307) 739-3594,https://www.nps.gov/grte/planyourvisit/cbvc.htm,43.903211,-110.643729
13525,Jenny Lake Visitor Center,(307) 739-3343,https://www.nps.gov/grte/planyourvisit/jlvc.htm,43.751494,-110.722371
13525,Jenny Lake Ranger Station,(307) 739-3343,https://www.nps.gov/grte/planyourvisit/hours.htm#CP_JUMP_2298376,43.752213,-110.722271
13525,Craig Thomas Discovery & Visitor Center,(307) 739-3399,https://www.nps.gov/grte/planyourvisit/ctdvc.htm,43.653406,-110.718549
